{
    "name": "Crystalovore",
    "description": "You can eat amethyst shards and byproducts.",
    "type": "origins:multiple",
    "dust": {
        "type": "apugli:edible_item",
        "item_condition": {
            "type": "origins:ingredient",
            "ingredient": {
                "item": "hexcasting:amethyst_dust"
            }
        },
        "food_component": {
            "hunger": 4,
            "saturation": 2.4
        },
        "use_action": "eat"
    },
    "shard": {
        "type": "apugli:edible_item",
        "item_condition": {
            "type": "origins:ingredient",
            "ingredient": {
                "item": "minecraft:amethyst_shard"
            }
        },
        "food_component": {
            "hunger": 4,
            "saturation": 14.4,
            "always_edible": true
        },
        "entity_action": {
            "type": "origins:apply_effect",
            "effect": {
                "effect": "instant_health",
                "duration": 1,
                "amplifier": 1,
                "is_ambient": true,
                "show_particles": true,
                "show_icon": true
            }
        },
        "use_action": "eat"
    },
    "charged": {
        "type": "apugli:edible_item",
        "entity_action": {
            "type": "origins:apply_effect",
            "effects": [
                {
                    "effect": "instant_health",
                    "duration": 1,
                    "amplifier": 1,
                    "is_ambient": true,
                    "show_particles": true,
                    "show_icon": true
                },
                {
                    "effect": "absorption",
                    "duration": 1200,
                    "amplifier": 0,
                    "show_particles": true,
                    "show_icon": true
                }
            ]
        },
        "item_condition": {
            "type": "origins:ingredient",
            "ingredient": {
                "item": "hexcasting:charged_amethyst"
            }
        },
        "food_component": {
            "hunger": 10,
            "saturation": 12,
            "always_edible": true
        },
        "use_action": "eat"
    }
}