{
    "name": "Used to Poor Air",
    "description": "You can hold your breath for longer.",
    "condition": {
        "type": "origins:and",
        "conditions": [
            {
                "type": "origins:air",
                "comparison": ">",
                "compare_to": 30
            },
            {
                "type": "origins:submerged_in",
                "fluid": "water"
            }
        ]
    },
    "type": "origins:action_over_time",
    "interval": 20,
    "entity_action": {
        "type": "origins:gain_air",
        "value": 10
    }
}