{
    "name": "Sculk Physiology",
    "description": "You cannot hold your breath as long.",
    "condition": {
        "type": "origins:and",
        "conditions": [
            {
                "type": "origins:and",
                "conditions": [
                    {
                        "type": "origins:air",
                        "comparison": ">",
                        "compare_to": 30
                    }
                ]
            },
            {
                "type": "origins:submerged_in",
                "fluid": "minecraft:water"
            }
        ]
    },
    "type": "origins:action_over_time",
    "interval": 20,
    "entity_action": {
        "type": "origins:gain_air",
        "value": -10
    }
}