{
    "name": "invis_resource_recharge",
    "description": ":3 oopsie",
    "hidden": true,
    "condition": {
        "type": "origins:or",
        "conditions": [
            {
                "inverted": true,
                "type": "origins:power_active",
                "power": "aigo:fey_dummy_invis"
            },
            {
                "inverted": true,
                "type": "origins:moving"
            }
        ]
    },
    "type": "origins:action_over_time",
    "interval": 10,
    "entity_action": {
        "type": "origins:modify_resource",
        "resource": "aigo:fey_invis_resource",
        "modifier": {
            "operation": "addition",
            "value": 1,
            "resource": "fey_invis_resource"
        }
    }
}