{
    "name": "Small Body",
    "description": "You are small enough to fit into one block gaps if you crouch.",
    "type": "origins:action_on_callback",
    "entity_action_chosen": {
        "type": "origins:and",
        "actions": [
            {
                "type": "origins:execute_command",
                "command": "scale set pehkui:height 0.66 @s"
            },
            {
                "type": "origins:execute_command",
                "command": "scale set pehkui:width 0.66 @s"
            },
            {
                "type": "origins:execute_command",
                "command": "scale persist set pehkui:height true @s"
            },
            {
                "type": "origins:execute_command",
                "command": "scale persist set pehkui:width true @s"
            }
        ]
    },
    "execute_chosen_when_orb": true,
    "entity_action_lost": {
        "type": "origins:execute_command",
        "command": "scale reset @s"
    }
}