{
    "name": "Unburdened of Physics",
    "description": "In thoughtform, you are free from the shackles of physicality. You can move through most blocks as if they were scaffolding.",
    "type": "origins:phasing",
    "blacklist": true,
    "render_type": "blindness",
    "view_distance": 100,
    "block_condition": {
      "type": "origins:in_tag",
      "tag": "origins:unphasable"
    },
    "phase_down_condition": {
      "type": "origins:and",
      "conditions": [
        {
          "type": "origins:sneaking"
        },
        {
          "type": "origins:on_block"
        }
      ]
    },
    "condition": {
      "type": "origins:power_active",
      "power": "aigo:memephysicalform",
      "inverted": true
    }
}