{
    "name": "Climb",
    "description": "You are fast and at will, you can climb blocks! [Save Toolbar Activator]",
    "type": "origins:multiple",
    "toggle": {
        "type": "origins:toggle",
        "active_by_default": true,
        "key": {
            "key": "key.saveToolbarActivator",
            "continuous": false
        },
        "retain_state": true
    },
    "climbing": {
        "condition": {
            "type": "origins:and",
            "conditions": [
                {
                    "type": "origins:collided_horizontally"
                },
                {
                    "type": "origins:power_active",
                    "power": "*:*_toggle"
                }
            ]
        },
        "type": "origins:climbing",
        "allow_holding": true,
        "hold_condition": {
            "type": "origins:and",
            "conditions": [
                {
                    "type": "origins:or",
                    "conditions": [
                        {
                            "type": "origins:block_collision",
                            "offset_x": 0.01,
                            "offset_y": 0,
                            "offset_z": 0.01
                        },
                        {
                            "type": "origins:block_collision",
                            "offset_x": -0.01,
                            "offset_y": 0,
                            "offset_z": -0.01
                        }
                    ]
                },
                {
                    "type": "origins:power_active",
                    "power": "*:*_toggle"
                }
            ]
        }
    },
    "speedy": {
        "type": "origins:attribute",
        "modifier": {
            "attribute": "minecraft:generic.movement_speed",
            "operation": "addition",
            "value": 0.05
        },
        "update_health": true
    }
}