{
    "name": "Master of Webs",
    "description": "You navigate cobweb perfectly, and are able to climb in them. When you hit an enemy, they get stuck in cobweb. Non-arthropods stuck in cobweb will be sensed by you. You are able to craft cobweb from string.",
    "type": "origins:multiple",
    "webbing": {
        "type": "origins:target_action_on_hit",
        "entity_action": {
            "type": "origins:block_action_at",
            "block_action": {
                "type": "origins:if_else",
                "condition": {
                    "type": "origins:replacable"
                },
                "if_action": {
                    "type": "origins:set_block",
                    "block": "minecraft:cobweb"
                }
            }
        },
        "cooldown": 40,
        "hud_render": {
            "should_render": true,
            "bar_index": 5
        }
    },
    "no_slowdown": {
        "type": "origins:simple"
    },
    "climbing": {
        "condition": {
            "type": "origins:and",
            "conditions": [
                {
                    "type": "origins:in_block_anywhere",
                    "block_condition": {
                        "type": "origins:in_tag",
                        "tag": "origins:cobwebs"
                    },
                    "comparison": ">=",
                    "compare_to": 1
                },
                {
                    "type": "origins:power_active",
                    "power": "*:climbing_toggle"
                }
            ]
        },
        "type": "origins:climbing",
        "allow_holding": true,
        "hold_condition": {
            "type": "origins:power_active",
            "power": "*:*_climbing"
        }
    },
    "punch_through": {
        "condition": {
            "inverted": true,
            "type": "origins:sneaking"
        },
        "type": "origins:prevent_block_selection",
        "block_condition": {
            "type": "origins:in_tag",
            "tag": "origins:cobwebs"
        }
    },
    "sense": {
        "type": "origins:entity_glow",
        "entity_condition": {
            "type": "origins:and",
            "conditions": [
                {
                    "type": "origins:in_block_anywhere",
                    "block_condition": {
                        "type": "origins:in_tag",
                        "tag": "origins:cobwebs"
                    },
                    "comparison": ">=",
                    "compare_to": 1
                },
                {
                    "inverted": true,
                    "type": "origins:entity_group",
                    "group": "arthropod"
                }
            ]
        },
        "use_teams": true
    },
    "web_crafting": {
        "type": "origins:recipe",
        "recipe": {
            "id": "origins:master_of_webs/web_crafting",
            "type": "minecraft:crafting_shapeless",
            "ingredients": [
                {
                    "item": "minecraft:string"
                },
                {
                    "item": "minecraft:string"
                }
            ],
            "result": {
                "item": "minecraft:cobweb"
            }
        }
    }
}