{
    "name": "Nightcrawler",
    "description": "Living away from most beings because of their fearsome appearance, Arachnes are accustomed to living in the dark.",
    "type": "origins:stacking_status_effect",
    "min_stacks": 1,
    "max_stacks": 2,
    "duration_per_stack": 300,
    "tick_rate": 10,
    "effect": {
        "effect": "minecraft:night_vision",
        "duration": 100,
        "amplifier": 0,
        "is_ambient": true,
        "show_particles": false,
        "show_icon": true
    }
}