{
    "name": "Abyss Touched",
    "description": "The Abyss Touched are peculiar; usually featuring some form of both crystalline growth resembling Amethysts on their chest, and some manner of sculk growth near the crystals, they are scarcely found outside of the Deep Dark, due to the environment above the Deep Dark being detrimental to their health, preventing natural recovery. ",
    "powers": [
        "aigo:at_crystalovore",
        "aigo:at_silk",
        "aigo:at_xpshield",
        "aigo:at_halffood",
        "aigo:at_chestplate",
        "aigo:at_air",
        "aigo:at_uhc"
    ],
    "icon": {
        "item": "calibrated_sculk_sensor",
        "amount": 1
    },
    "impact": 3
}