{
    "name": "Cursed Weaver",
    "description": "The first Arachne challenged a God using a loom and lost, cursed to weave for life. Her descendents continue on in many forms. The Arachne fashion themselves after the first (The First Weaver) in that they are arrogant and love to weave, using their half spider body to make great structures out of web, for food and as dedication to their craft.",
    "powers": [
        "origins:no_shield",
        "origins:no_cobweb_slowdown",
        "cursed_weaver:climbing",
        "cursed_weaver:cobweb_feed",
        "cursed_weaver:curse_of_athena",
        "cursed_weaver:long_jump",
        "cursed_weaver:master_of_webs",
        "cursed_weaver:nightcrawler",
        "cursed_weaver:poison_immunity",
        "cursed_weaver:spider_kinship",
        "cursed_weaver:suffocation_immunity",
        "cursed_weaver:hollow_body"
    ],
    "icon": {
        "item": "spider_eye",
        "amount": 1
    },
    "order": 10,
    "impact": 3
}