{
    "name": "Chimaera",
    "description": "You are an experiment of a thousand envies. You are piecemeal, built from the severed apexes of many masters.",
    "powers": [
        "aigo:cm_airspeed",
        "aigo:cm_saturation",
        "origins:extra_reach",
        "origins:fall_immunity",
        "origins:scare_creepers",
        "origins:burning_wrath",
        "aigo:cm_undead",
        "origins:vegetarian",
        "origins:fresh_air",
        "origins:no_shield",
        "aigo:cm_lightning"
    ],
    "icon": {
        "item": "minecraft:rotten_flesh",
        "amount": 1
    },
    "impact": 2
}