{
    "name": "Crystalline Growths",
    "description": "You are unable to wear chestplates, though elytra and other things which only go on your back are fine.",
    "type": "origins:restrict_armor",
    "chest": {
        "inverted": true,
        "type": "origins:ingredient",
        "ingredient": [
            {
                "item": "embers:ashen_cloak"
            },
            {
                "item": "alexscaves:cloak_of_darkness"
            },
            {
                "item": "vampirism:vampire_cloak_black_blue"
            },
            {
                "item": "vampirism:vampire_cloak_black_red"
            },
            {
                "item": "vampirism:vampire_cloak_black_white"
            },
            {
                "item": "vampirism:vampire_cloak_red_black"
            },
            {
                "item": "vampirism:vampire_cloak_white_black"
            },
            {
                "item": "minecraft:elytra"
            }
        ]
    }
}