{
    "name": "From Whence Ye Came",
    "description": "Lightning will kill you instantly.",
    "type": "origins:modify_damage_taken",
    "damage_condition": {
        "type": "origins:or",
        "conditions": [
            {
                "type": "origins:name",
                "name": "lightningBolt"
            },
            {
                "type": "origins:name",
                "name": "lightningBolt.player"
            }
        ]
    },
    "modifier": {
        "operation": "multiply_total_multiplicative",
        "value": 9999
    },
    "self_action": {
        "type": "origins:damage",
        "amount": 99999,
        "source": {
            "name": "lightningBolt",
            "bypasses_armor": true,
            "unblockable": true
        }
    }
}